<?xml version="1.0"?>
<doc>
    <assembly>
        <name>PromotionEngine.Fakes</name>
    </assembly>
    <members>
        <member name="T:PromotionEngine.BusinessLayer.Fakes.ShimDocumentManager">
            <summary>Shim type of PromotionEngine.BusinessLayer.DocumentManager</summary>
        </member>
        <member name="M:PromotionEngine.BusinessLayer.Fakes.ShimDocumentManager.#ctor">
            <summary>Initializes a new shim instance</summary>
        </member>
        <member name="M:PromotionEngine.BusinessLayer.Fakes.ShimDocumentManager.#ctor(PromotionEngine.BusinessLayer.DocumentManager)">
            <summary>Initializes a new shim for the given instance</summary>
        </member>
        <member name="T:PromotionEngine.BusinessLayer.Fakes.ShimDocumentManager.AllInstances">
            <summary>Define shims for all instances members</summary>
        </member>
        <member name="P:PromotionEngine.BusinessLayer.Fakes.ShimDocumentManager.AllInstances.DownloadFileAsyncString">
            <summary>Sets the shim of DocumentManager.DownloadFileAsync(String filepath)</summary>
        </member>
        <member name="P:PromotionEngine.BusinessLayer.Fakes.ShimDocumentManager.AllInstances.JonsFileReaderString">
            <summary>Sets the shim of DocumentManager.JonsFileReader(String filePath)</summary>
        </member>
        <member name="P:PromotionEngine.BusinessLayer.Fakes.ShimDocumentManager.AllInstances.JonsFileWriterStringString">
            <summary>Sets the shim of DocumentManager.JonsFileWriter(String filePath, String itemsData)</summary>
        </member>
        <member name="M:PromotionEngine.BusinessLayer.Fakes.ShimDocumentManager.BehaveAsCurrent">
            <summary>Assigns the &apos;Current&apos; behavior for all methods of the shimmed type</summary>
        </member>
        <member name="M:PromotionEngine.BusinessLayer.Fakes.ShimDocumentManager.BehaveAsNotImplemented">
            <summary>Assigns the &apos;NotImplemented&apos; behavior for all methods of the shimmed type</summary>
        </member>
        <member name="P:PromotionEngine.BusinessLayer.Fakes.ShimDocumentManager.Behavior">
            <summary>Assigns the behavior for all methods of the shimmed type</summary>
        </member>
        <member name="M:PromotionEngine.BusinessLayer.Fakes.ShimDocumentManager.Bind(PromotionEngine.Interfaces.IDoumentProvider)">
            <summary>Binds the members of the interface to the shim.</summary>
        </member>
        <member name="P:PromotionEngine.BusinessLayer.Fakes.ShimDocumentManager.Constructor">
            <summary>Sets the shim of DocumentManager.DocumentManager()</summary>
        </member>
        <member name="P:PromotionEngine.BusinessLayer.Fakes.ShimDocumentManager.DownloadFileAsyncString">
            <summary>Sets the shim of DocumentManager.DownloadFileAsync(String filepath)</summary>
        </member>
        <member name="P:PromotionEngine.BusinessLayer.Fakes.ShimDocumentManager.JonsFileReaderString">
            <summary>Sets the shim of DocumentManager.JonsFileReader(String filePath)</summary>
        </member>
        <member name="P:PromotionEngine.BusinessLayer.Fakes.ShimDocumentManager.JonsFileWriterStringString">
            <summary>Sets the shim of DocumentManager.JonsFileWriter(String filePath, String itemsData)</summary>
        </member>
        <member name="T:PromotionEngine.BusinessLayer.Fakes.ShimProductsManager">
            <summary>Shim type of PromotionEngine.BusinessLayer.ProductsManager</summary>
        </member>
        <member name="M:PromotionEngine.BusinessLayer.Fakes.ShimProductsManager.#ctor">
            <summary>Initializes a new shim instance</summary>
        </member>
        <member name="M:PromotionEngine.BusinessLayer.Fakes.ShimProductsManager.#ctor(PromotionEngine.BusinessLayer.ProductsManager)">
            <summary>Initializes a new shim for the given instance</summary>
        </member>
        <member name="T:PromotionEngine.BusinessLayer.Fakes.ShimProductsManager.AllInstances">
            <summary>Define shims for all instances members</summary>
        </member>
        <member name="P:PromotionEngine.BusinessLayer.Fakes.ShimProductsManager.AllInstances.DeleteProductProduct">
            <summary>Sets the shim of ProductsManager.DeleteProduct(Product saveProductData)</summary>
        </member>
        <member name="P:PromotionEngine.BusinessLayer.Fakes.ShimProductsManager.AllInstances.GetProducts">
            <summary>Sets the shim of ProductsManager.GetProducts()</summary>
        </member>
        <member name="P:PromotionEngine.BusinessLayer.Fakes.ShimProductsManager.AllInstances.SaveProductProduct">
            <summary>Sets the shim of ProductsManager.SaveProduct(Product saveProductData)</summary>
        </member>
        <member name="P:PromotionEngine.BusinessLayer.Fakes.ShimProductsManager.AllInstances.SaveProductsICollectionOfProduct">
            <summary>Sets the shim of ProductsManager.SaveProducts(ICollection`1&lt;Product&gt; saveProductData)</summary>
        </member>
        <member name="P:PromotionEngine.BusinessLayer.Fakes.ShimProductsManager.AllInstances.ValidateProductIdsString">
            <summary>Sets the shim of ProductsManager.ValidateProductIds(String productId)</summary>
        </member>
        <member name="M:PromotionEngine.BusinessLayer.Fakes.ShimProductsManager.BehaveAsCurrent">
            <summary>Assigns the &apos;Current&apos; behavior for all methods of the shimmed type</summary>
        </member>
        <member name="M:PromotionEngine.BusinessLayer.Fakes.ShimProductsManager.BehaveAsNotImplemented">
            <summary>Assigns the &apos;NotImplemented&apos; behavior for all methods of the shimmed type</summary>
        </member>
        <member name="P:PromotionEngine.BusinessLayer.Fakes.ShimProductsManager.Behavior">
            <summary>Assigns the behavior for all methods of the shimmed type</summary>
        </member>
        <member name="M:PromotionEngine.BusinessLayer.Fakes.ShimProductsManager.Bind(PromotionEngine.Interfaces.IProducts)">
            <summary>Binds the members of the interface to the shim.</summary>
        </member>
        <member name="P:PromotionEngine.BusinessLayer.Fakes.ShimProductsManager.ConstructorIDoumentProvider">
            <summary>Sets the shim of ProductsManager.ProductsManager(IDoumentProvider documentProvider)</summary>
        </member>
        <member name="P:PromotionEngine.BusinessLayer.Fakes.ShimProductsManager.DeleteProductProduct">
            <summary>Sets the shim of ProductsManager.DeleteProduct(Product saveProductData)</summary>
        </member>
        <member name="P:PromotionEngine.BusinessLayer.Fakes.ShimProductsManager.GetProducts">
            <summary>Sets the shim of ProductsManager.GetProducts()</summary>
        </member>
        <member name="P:PromotionEngine.BusinessLayer.Fakes.ShimProductsManager.SaveProductProduct">
            <summary>Sets the shim of ProductsManager.SaveProduct(Product saveProductData)</summary>
        </member>
        <member name="P:PromotionEngine.BusinessLayer.Fakes.ShimProductsManager.SaveProductsICollectionOfProduct">
            <summary>Sets the shim of ProductsManager.SaveProducts(ICollection`1&lt;Product&gt; saveProductData)</summary>
        </member>
        <member name="P:PromotionEngine.BusinessLayer.Fakes.ShimProductsManager.ValidateProductIdsString">
            <summary>Sets the shim of ProductsManager.ValidateProductIds(String productId)</summary>
        </member>
        <member name="T:PromotionEngine.BusinessLayer.Fakes.ShimPromotionEnginManager">
            <summary>Shim type of PromotionEngine.BusinessLayer.PromotionEnginManager</summary>
        </member>
        <member name="M:PromotionEngine.BusinessLayer.Fakes.ShimPromotionEnginManager.#ctor">
            <summary>Initializes a new shim instance</summary>
        </member>
        <member name="M:PromotionEngine.BusinessLayer.Fakes.ShimPromotionEnginManager.#ctor(PromotionEngine.BusinessLayer.PromotionEnginManager)">
            <summary>Initializes a new shim for the given instance</summary>
        </member>
        <member name="T:PromotionEngine.BusinessLayer.Fakes.ShimPromotionEnginManager.AllInstances">
            <summary>Define shims for all instances members</summary>
        </member>
        <member name="P:PromotionEngine.BusinessLayer.Fakes.ShimPromotionEnginManager.AllInstances.GetTotalPriceListOfOrderListOfPromotion">
            <summary>Sets the shim of PromotionEnginManager.GetTotalPrice(List`1&lt;Order&gt; ordersData, List`1&lt;Promotion&gt; promotionsData)</summary>
        </member>
        <member name="M:PromotionEngine.BusinessLayer.Fakes.ShimPromotionEnginManager.BehaveAsCurrent">
            <summary>Assigns the &apos;Current&apos; behavior for all methods of the shimmed type</summary>
        </member>
        <member name="M:PromotionEngine.BusinessLayer.Fakes.ShimPromotionEnginManager.BehaveAsNotImplemented">
            <summary>Assigns the &apos;NotImplemented&apos; behavior for all methods of the shimmed type</summary>
        </member>
        <member name="P:PromotionEngine.BusinessLayer.Fakes.ShimPromotionEnginManager.Behavior">
            <summary>Assigns the behavior for all methods of the shimmed type</summary>
        </member>
        <member name="M:PromotionEngine.BusinessLayer.Fakes.ShimPromotionEnginManager.Bind(PromotionEngine.Interfaces.IPromotionEngine)">
            <summary>Binds the members of the interface to the shim.</summary>
        </member>
        <member name="P:PromotionEngine.BusinessLayer.Fakes.ShimPromotionEnginManager.Constructor">
            <summary>Sets the shim of PromotionEnginManager.PromotionEnginManager()</summary>
        </member>
        <member name="P:PromotionEngine.BusinessLayer.Fakes.ShimPromotionEnginManager.GetPriceOrderPromotion">
            <summary>Sets the shim of PromotionEnginManager.GetPrice(Order order, Promotion promotion)</summary>
        </member>
        <member name="P:PromotionEngine.BusinessLayer.Fakes.ShimPromotionEnginManager.GetTotalPriceListOfOrderListOfPromotion">
            <summary>Sets the shim of PromotionEnginManager.GetTotalPrice(List`1&lt;Order&gt; ordersData, List`1&lt;Promotion&gt; promotionsData)</summary>
        </member>
        <member name="T:PromotionEngine.BusinessLayer.Fakes.ShimPromotionManager">
            <summary>Shim type of PromotionEngine.BusinessLayer.PromotionManager</summary>
        </member>
        <member name="M:PromotionEngine.BusinessLayer.Fakes.ShimPromotionManager.#ctor">
            <summary>Initializes a new shim instance</summary>
        </member>
        <member name="M:PromotionEngine.BusinessLayer.Fakes.ShimPromotionManager.#ctor(PromotionEngine.BusinessLayer.PromotionManager)">
            <summary>Initializes a new shim for the given instance</summary>
        </member>
        <member name="T:PromotionEngine.BusinessLayer.Fakes.ShimPromotionManager.AllInstances">
            <summary>Define shims for all instances members</summary>
        </member>
        <member name="P:PromotionEngine.BusinessLayer.Fakes.ShimPromotionManager.AllInstances.DeleteProductString">
            <summary>Sets the shim of PromotionManager.DeleteProduct(String savePromotionId)</summary>
        </member>
        <member name="P:PromotionEngine.BusinessLayer.Fakes.ShimPromotionManager.AllInstances.GetPromotions">
            <summary>Sets the shim of PromotionManager.GetPromotions()</summary>
        </member>
        <member name="P:PromotionEngine.BusinessLayer.Fakes.ShimPromotionManager.AllInstances.SavePromotionPromotion">
            <summary>Sets the shim of PromotionManager.SavePromotion(Promotion savePromotionData)</summary>
        </member>
        <member name="P:PromotionEngine.BusinessLayer.Fakes.ShimPromotionManager.AllInstances.SavePromotionsICollectionOfPromotion">
            <summary>Sets the shim of PromotionManager.SavePromotions(ICollection`1&lt;Promotion&gt; savePromotionData)</summary>
        </member>
        <member name="P:PromotionEngine.BusinessLayer.Fakes.ShimPromotionManager.AllInstances.ValidatePromotionIdsString">
            <summary>Sets the shim of PromotionManager.ValidatePromotionIds(String promotionId)</summary>
        </member>
        <member name="M:PromotionEngine.BusinessLayer.Fakes.ShimPromotionManager.BehaveAsCurrent">
            <summary>Assigns the &apos;Current&apos; behavior for all methods of the shimmed type</summary>
        </member>
        <member name="M:PromotionEngine.BusinessLayer.Fakes.ShimPromotionManager.BehaveAsNotImplemented">
            <summary>Assigns the &apos;NotImplemented&apos; behavior for all methods of the shimmed type</summary>
        </member>
        <member name="P:PromotionEngine.BusinessLayer.Fakes.ShimPromotionManager.Behavior">
            <summary>Assigns the behavior for all methods of the shimmed type</summary>
        </member>
        <member name="M:PromotionEngine.BusinessLayer.Fakes.ShimPromotionManager.Bind(PromotionEngine.Interfaces.IPromotions)">
            <summary>Binds the members of the interface to the shim.</summary>
        </member>
        <member name="P:PromotionEngine.BusinessLayer.Fakes.ShimPromotionManager.ConstructorIDoumentProvider">
            <summary>Sets the shim of PromotionManager.PromotionManager(IDoumentProvider documentProvider)</summary>
        </member>
        <member name="P:PromotionEngine.BusinessLayer.Fakes.ShimPromotionManager.DeleteProductString">
            <summary>Sets the shim of PromotionManager.DeleteProduct(String savePromotionId)</summary>
        </member>
        <member name="P:PromotionEngine.BusinessLayer.Fakes.ShimPromotionManager.GetPromotions">
            <summary>Sets the shim of PromotionManager.GetPromotions()</summary>
        </member>
        <member name="P:PromotionEngine.BusinessLayer.Fakes.ShimPromotionManager.SavePromotionPromotion">
            <summary>Sets the shim of PromotionManager.SavePromotion(Promotion savePromotionData)</summary>
        </member>
        <member name="P:PromotionEngine.BusinessLayer.Fakes.ShimPromotionManager.SavePromotionsICollectionOfPromotion">
            <summary>Sets the shim of PromotionManager.SavePromotions(ICollection`1&lt;Promotion&gt; savePromotionData)</summary>
        </member>
        <member name="P:PromotionEngine.BusinessLayer.Fakes.ShimPromotionManager.ValidatePromotionIdsString">
            <summary>Sets the shim of PromotionManager.ValidatePromotionIds(String promotionId)</summary>
        </member>
        <member name="T:PromotionEngine.BusinessLayer.Fakes.StubDocumentManager">
            <summary>Stub type of PromotionEngine.BusinessLayer.DocumentManager</summary>
        </member>
        <member name="M:PromotionEngine.BusinessLayer.Fakes.StubDocumentManager.#ctor">
            <summary>Initializes a new instance</summary>
        </member>
        <member name="P:PromotionEngine.BusinessLayer.Fakes.StubDocumentManager.CallBase">
            <summary>Gets or sets a value that indicates if the base method should be called instead of the fallback behavior</summary>
        </member>
        <member name="M:PromotionEngine.BusinessLayer.Fakes.StubDocumentManager.InitializeStub">
            <summary>Initializes a new instance of type StubDocumentManager</summary>
        </member>
        <member name="P:PromotionEngine.BusinessLayer.Fakes.StubDocumentManager.InstanceBehavior">
            <summary>Gets or sets the instance behavior.</summary>
        </member>
        <member name="P:PromotionEngine.BusinessLayer.Fakes.StubDocumentManager.InstanceObserver">
            <summary>Gets or sets the instance observer.</summary>
        </member>
        <member name="T:PromotionEngine.BusinessLayer.Fakes.StubProductsManager">
            <summary>Stub type of PromotionEngine.BusinessLayer.ProductsManager</summary>
        </member>
        <member name="M:PromotionEngine.BusinessLayer.Fakes.StubProductsManager.#ctor(PromotionEngine.Interfaces.IDoumentProvider)">
            <summary>Initializes a new instance</summary>
        </member>
        <member name="P:PromotionEngine.BusinessLayer.Fakes.StubProductsManager.CallBase">
            <summary>Gets or sets a value that indicates if the base method should be called instead of the fallback behavior</summary>
        </member>
        <member name="M:PromotionEngine.BusinessLayer.Fakes.StubProductsManager.InitializeStub">
            <summary>Initializes a new instance of type StubProductsManager</summary>
        </member>
        <member name="P:PromotionEngine.BusinessLayer.Fakes.StubProductsManager.InstanceBehavior">
            <summary>Gets or sets the instance behavior.</summary>
        </member>
        <member name="P:PromotionEngine.BusinessLayer.Fakes.StubProductsManager.InstanceObserver">
            <summary>Gets or sets the instance observer.</summary>
        </member>
        <member name="T:PromotionEngine.BusinessLayer.Fakes.StubPromotionEnginManager">
            <summary>Stub type of PromotionEngine.BusinessLayer.PromotionEnginManager</summary>
        </member>
        <member name="M:PromotionEngine.BusinessLayer.Fakes.StubPromotionEnginManager.#ctor">
            <summary>Initializes a new instance</summary>
        </member>
        <member name="P:PromotionEngine.BusinessLayer.Fakes.StubPromotionEnginManager.CallBase">
            <summary>Gets or sets a value that indicates if the base method should be called instead of the fallback behavior</summary>
        </member>
        <member name="M:PromotionEngine.BusinessLayer.Fakes.StubPromotionEnginManager.InitializeStub">
            <summary>Initializes a new instance of type StubPromotionEnginManager</summary>
        </member>
        <member name="P:PromotionEngine.BusinessLayer.Fakes.StubPromotionEnginManager.InstanceBehavior">
            <summary>Gets or sets the instance behavior.</summary>
        </member>
        <member name="P:PromotionEngine.BusinessLayer.Fakes.StubPromotionEnginManager.InstanceObserver">
            <summary>Gets or sets the instance observer.</summary>
        </member>
        <member name="T:PromotionEngine.BusinessLayer.Fakes.StubPromotionManager">
            <summary>Stub type of PromotionEngine.BusinessLayer.PromotionManager</summary>
        </member>
        <member name="M:PromotionEngine.BusinessLayer.Fakes.StubPromotionManager.#ctor(PromotionEngine.Interfaces.IDoumentProvider)">
            <summary>Initializes a new instance</summary>
        </member>
        <member name="P:PromotionEngine.BusinessLayer.Fakes.StubPromotionManager.CallBase">
            <summary>Gets or sets a value that indicates if the base method should be called instead of the fallback behavior</summary>
        </member>
        <member name="M:PromotionEngine.BusinessLayer.Fakes.StubPromotionManager.InitializeStub">
            <summary>Initializes a new instance of type StubPromotionManager</summary>
        </member>
        <member name="P:PromotionEngine.BusinessLayer.Fakes.StubPromotionManager.InstanceBehavior">
            <summary>Gets or sets the instance behavior.</summary>
        </member>
        <member name="P:PromotionEngine.BusinessLayer.Fakes.StubPromotionManager.InstanceObserver">
            <summary>Gets or sets the instance observer.</summary>
        </member>
        <member name="T:PromotionEngine.Entities.Fakes.ShimConstants">
            <summary>Shim type of PromotionEngine.Entities.Constants</summary>
        </member>
        <member name="M:PromotionEngine.Entities.Fakes.ShimConstants.#ctor">
            <summary>Initializes a new shim instance</summary>
        </member>
        <member name="M:PromotionEngine.Entities.Fakes.ShimConstants.#ctor(PromotionEngine.Entities.Constants)">
            <summary>Initializes a new shim for the given instance</summary>
        </member>
        <member name="T:PromotionEngine.Entities.Fakes.ShimConstants.AllInstances">
            <summary>Define shims for all instances members</summary>
        </member>
        <member name="M:PromotionEngine.Entities.Fakes.ShimConstants.BehaveAsCurrent">
            <summary>Assigns the &apos;Current&apos; behavior for all methods of the shimmed type</summary>
        </member>
        <member name="M:PromotionEngine.Entities.Fakes.ShimConstants.BehaveAsNotImplemented">
            <summary>Assigns the &apos;NotImplemented&apos; behavior for all methods of the shimmed type</summary>
        </member>
        <member name="P:PromotionEngine.Entities.Fakes.ShimConstants.Behavior">
            <summary>Assigns the behavior for all methods of the shimmed type</summary>
        </member>
        <member name="P:PromotionEngine.Entities.Fakes.ShimConstants.Constructor">
            <summary>Sets the shim of Constants.Constants()</summary>
        </member>
        <member name="T:PromotionEngine.Entities.Fakes.ShimOrder">
            <summary>Shim type of PromotionEngine.Entities.Order</summary>
        </member>
        <member name="M:PromotionEngine.Entities.Fakes.ShimOrder.#ctor">
            <summary>Initializes a new shim instance</summary>
        </member>
        <member name="M:PromotionEngine.Entities.Fakes.ShimOrder.#ctor(PromotionEngine.Entities.Order)">
            <summary>Initializes a new shim for the given instance</summary>
        </member>
        <member name="T:PromotionEngine.Entities.Fakes.ShimOrder.AllInstances">
            <summary>Define shims for all instances members</summary>
        </member>
        <member name="P:PromotionEngine.Entities.Fakes.ShimOrder.AllInstances.OrderIDGet">
            <summary>Sets the shim of Order.get_OrderID()</summary>
        </member>
        <member name="P:PromotionEngine.Entities.Fakes.ShimOrder.AllInstances.OrderIDSetInt32">
            <summary>Sets the shim of Order.set_OrderID(Int32 value)</summary>
        </member>
        <member name="P:PromotionEngine.Entities.Fakes.ShimOrder.AllInstances.ProductsGet">
            <summary>Sets the shim of Order.get_Products()</summary>
        </member>
        <member name="P:PromotionEngine.Entities.Fakes.ShimOrder.AllInstances.ProductsSetListOfProduct">
            <summary>Sets the shim of Order.set_Products(List`1&lt;Product&gt; value)</summary>
        </member>
        <member name="M:PromotionEngine.Entities.Fakes.ShimOrder.BehaveAsCurrent">
            <summary>Assigns the &apos;Current&apos; behavior for all methods of the shimmed type</summary>
        </member>
        <member name="M:PromotionEngine.Entities.Fakes.ShimOrder.BehaveAsNotImplemented">
            <summary>Assigns the &apos;NotImplemented&apos; behavior for all methods of the shimmed type</summary>
        </member>
        <member name="P:PromotionEngine.Entities.Fakes.ShimOrder.Behavior">
            <summary>Assigns the behavior for all methods of the shimmed type</summary>
        </member>
        <member name="P:PromotionEngine.Entities.Fakes.ShimOrder.Constructor">
            <summary>Sets the shim of Order.Order()</summary>
        </member>
        <member name="P:PromotionEngine.Entities.Fakes.ShimOrder.OrderIDGet">
            <summary>Sets the shim of Order.get_OrderID()</summary>
        </member>
        <member name="P:PromotionEngine.Entities.Fakes.ShimOrder.OrderIDSetInt32">
            <summary>Sets the shim of Order.set_OrderID(Int32 value)</summary>
        </member>
        <member name="P:PromotionEngine.Entities.Fakes.ShimOrder.ProductsGet">
            <summary>Sets the shim of Order.get_Products()</summary>
        </member>
        <member name="P:PromotionEngine.Entities.Fakes.ShimOrder.ProductsSetListOfProduct">
            <summary>Sets the shim of Order.set_Products(List`1&lt;Product&gt; value)</summary>
        </member>
        <member name="T:PromotionEngine.Entities.Fakes.StubOrder">
            <summary>Stub type of PromotionEngine.Entities.Order</summary>
        </member>
        <member name="M:PromotionEngine.Entities.Fakes.StubOrder.#ctor">
            <summary>Initializes a new instance</summary>
        </member>
        <member name="P:PromotionEngine.Entities.Fakes.StubOrder.CallBase">
            <summary>Gets or sets a value that indicates if the base method should be called instead of the fallback behavior</summary>
        </member>
        <member name="M:PromotionEngine.Entities.Fakes.StubOrder.InitializeStub">
            <summary>Initializes a new instance of type StubOrder</summary>
        </member>
        <member name="P:PromotionEngine.Entities.Fakes.StubOrder.InstanceBehavior">
            <summary>Gets or sets the instance behavior.</summary>
        </member>
        <member name="P:PromotionEngine.Entities.Fakes.StubOrder.InstanceObserver">
            <summary>Gets or sets the instance observer.</summary>
        </member>
        <member name="T:PromotionEngine.Fakes.ShimProduct">
            <summary>Shim type of PromotionEngine.Product</summary>
        </member>
        <member name="M:PromotionEngine.Fakes.ShimProduct.#ctor">
            <summary>Initializes a new shim instance</summary>
        </member>
        <member name="M:PromotionEngine.Fakes.ShimProduct.#ctor(PromotionEngine.Product)">
            <summary>Initializes a new shim for the given instance</summary>
        </member>
        <member name="T:PromotionEngine.Fakes.ShimProduct.AllInstances">
            <summary>Define shims for all instances members</summary>
        </member>
        <member name="P:PromotionEngine.Fakes.ShimProduct.AllInstances.IdGet">
            <summary>Sets the shim of Product.get_Id()</summary>
        </member>
        <member name="P:PromotionEngine.Fakes.ShimProduct.AllInstances.IdSetString">
            <summary>Sets the shim of Product.set_Id(String value)</summary>
        </member>
        <member name="P:PromotionEngine.Fakes.ShimProduct.AllInstances.PriceGet">
            <summary>Sets the shim of Product.get_Price()</summary>
        </member>
        <member name="P:PromotionEngine.Fakes.ShimProduct.AllInstances.PriceSetDecimal">
            <summary>Sets the shim of Product.set_Price(Decimal value)</summary>
        </member>
        <member name="M:PromotionEngine.Fakes.ShimProduct.BehaveAsCurrent">
            <summary>Assigns the &apos;Current&apos; behavior for all methods of the shimmed type</summary>
        </member>
        <member name="M:PromotionEngine.Fakes.ShimProduct.BehaveAsNotImplemented">
            <summary>Assigns the &apos;NotImplemented&apos; behavior for all methods of the shimmed type</summary>
        </member>
        <member name="P:PromotionEngine.Fakes.ShimProduct.Behavior">
            <summary>Assigns the behavior for all methods of the shimmed type</summary>
        </member>
        <member name="P:PromotionEngine.Fakes.ShimProduct.Constructor">
            <summary>Sets the shim of Product.Product()</summary>
        </member>
        <member name="P:PromotionEngine.Fakes.ShimProduct.IdGet">
            <summary>Sets the shim of Product.get_Id()</summary>
        </member>
        <member name="P:PromotionEngine.Fakes.ShimProduct.IdSetString">
            <summary>Sets the shim of Product.set_Id(String value)</summary>
        </member>
        <member name="P:PromotionEngine.Fakes.ShimProduct.PriceGet">
            <summary>Sets the shim of Product.get_Price()</summary>
        </member>
        <member name="P:PromotionEngine.Fakes.ShimProduct.PriceSetDecimal">
            <summary>Sets the shim of Product.set_Price(Decimal value)</summary>
        </member>
        <member name="T:PromotionEngine.Fakes.ShimProducts">
            <summary>Shim type of PromotionEngine.Products</summary>
        </member>
        <member name="M:PromotionEngine.Fakes.ShimProducts.#ctor">
            <summary>Initializes a new shim instance</summary>
        </member>
        <member name="M:PromotionEngine.Fakes.ShimProducts.#ctor(PromotionEngine.Products)">
            <summary>Initializes a new shim for the given instance</summary>
        </member>
        <member name="T:PromotionEngine.Fakes.ShimProducts.AllInstances">
            <summary>Define shims for all instances members</summary>
        </member>
        <member name="P:PromotionEngine.Fakes.ShimProducts.AllInstances.ProductsListGet">
            <summary>Sets the shim of Products.get_ProductsList()</summary>
        </member>
        <member name="P:PromotionEngine.Fakes.ShimProducts.AllInstances.ProductsListSetICollectionOfProduct">
            <summary>Sets the shim of Products.set_ProductsList(ICollection`1&lt;Product&gt; value)</summary>
        </member>
        <member name="M:PromotionEngine.Fakes.ShimProducts.BehaveAsCurrent">
            <summary>Assigns the &apos;Current&apos; behavior for all methods of the shimmed type</summary>
        </member>
        <member name="M:PromotionEngine.Fakes.ShimProducts.BehaveAsNotImplemented">
            <summary>Assigns the &apos;NotImplemented&apos; behavior for all methods of the shimmed type</summary>
        </member>
        <member name="P:PromotionEngine.Fakes.ShimProducts.Behavior">
            <summary>Assigns the behavior for all methods of the shimmed type</summary>
        </member>
        <member name="P:PromotionEngine.Fakes.ShimProducts.Constructor">
            <summary>Sets the shim of Products.Products()</summary>
        </member>
        <member name="P:PromotionEngine.Fakes.ShimProducts.ProductsListGet">
            <summary>Sets the shim of Products.get_ProductsList()</summary>
        </member>
        <member name="P:PromotionEngine.Fakes.ShimProducts.ProductsListSetICollectionOfProduct">
            <summary>Sets the shim of Products.set_ProductsList(ICollection`1&lt;Product&gt; value)</summary>
        </member>
        <member name="T:PromotionEngine.Fakes.ShimPromotion">
            <summary>Shim type of PromotionEngine.Promotion</summary>
        </member>
        <member name="M:PromotionEngine.Fakes.ShimPromotion.#ctor">
            <summary>Initializes a new shim instance</summary>
        </member>
        <member name="M:PromotionEngine.Fakes.ShimPromotion.#ctor(PromotionEngine.Promotion)">
            <summary>Initializes a new shim for the given instance</summary>
        </member>
        <member name="T:PromotionEngine.Fakes.ShimPromotion.AllInstances">
            <summary>Define shims for all instances members</summary>
        </member>
        <member name="P:PromotionEngine.Fakes.ShimPromotion.AllInstances.ProductInfoGet">
            <summary>Sets the shim of Promotion.get_ProductInfo()</summary>
        </member>
        <member name="P:PromotionEngine.Fakes.ShimPromotion.AllInstances.ProductInfoSetDictionaryOfStringInt32">
            <summary>Sets the shim of Promotion.set_ProductInfo(Dictionary`2&lt;String,Int32&gt; value)</summary>
        </member>
        <member name="P:PromotionEngine.Fakes.ShimPromotion.AllInstances.PromoPriceGet">
            <summary>Sets the shim of Promotion.get_PromoPrice()</summary>
        </member>
        <member name="P:PromotionEngine.Fakes.ShimPromotion.AllInstances.PromoPriceSetDecimal">
            <summary>Sets the shim of Promotion.set_PromoPrice(Decimal value)</summary>
        </member>
        <member name="P:PromotionEngine.Fakes.ShimPromotion.AllInstances.PromotionIDGet">
            <summary>Sets the shim of Promotion.get_PromotionID()</summary>
        </member>
        <member name="P:PromotionEngine.Fakes.ShimPromotion.AllInstances.PromotionIDSetInt32">
            <summary>Sets the shim of Promotion.set_PromotionID(Int32 value)</summary>
        </member>
        <member name="M:PromotionEngine.Fakes.ShimPromotion.BehaveAsCurrent">
            <summary>Assigns the &apos;Current&apos; behavior for all methods of the shimmed type</summary>
        </member>
        <member name="M:PromotionEngine.Fakes.ShimPromotion.BehaveAsNotImplemented">
            <summary>Assigns the &apos;NotImplemented&apos; behavior for all methods of the shimmed type</summary>
        </member>
        <member name="P:PromotionEngine.Fakes.ShimPromotion.Behavior">
            <summary>Assigns the behavior for all methods of the shimmed type</summary>
        </member>
        <member name="P:PromotionEngine.Fakes.ShimPromotion.Constructor">
            <summary>Sets the shim of Promotion.Promotion()</summary>
        </member>
        <member name="P:PromotionEngine.Fakes.ShimPromotion.ProductInfoGet">
            <summary>Sets the shim of Promotion.get_ProductInfo()</summary>
        </member>
        <member name="P:PromotionEngine.Fakes.ShimPromotion.ProductInfoSetDictionaryOfStringInt32">
            <summary>Sets the shim of Promotion.set_ProductInfo(Dictionary`2&lt;String,Int32&gt; value)</summary>
        </member>
        <member name="P:PromotionEngine.Fakes.ShimPromotion.PromoPriceGet">
            <summary>Sets the shim of Promotion.get_PromoPrice()</summary>
        </member>
        <member name="P:PromotionEngine.Fakes.ShimPromotion.PromoPriceSetDecimal">
            <summary>Sets the shim of Promotion.set_PromoPrice(Decimal value)</summary>
        </member>
        <member name="P:PromotionEngine.Fakes.ShimPromotion.PromotionIDGet">
            <summary>Sets the shim of Promotion.get_PromotionID()</summary>
        </member>
        <member name="P:PromotionEngine.Fakes.ShimPromotion.PromotionIDSetInt32">
            <summary>Sets the shim of Promotion.set_PromotionID(Int32 value)</summary>
        </member>
        <member name="T:PromotionEngine.Fakes.ShimPromotions">
            <summary>Shim type of PromotionEngine.Promotions</summary>
        </member>
        <member name="M:PromotionEngine.Fakes.ShimPromotions.#ctor">
            <summary>Initializes a new shim instance</summary>
        </member>
        <member name="M:PromotionEngine.Fakes.ShimPromotions.#ctor(PromotionEngine.Promotions)">
            <summary>Initializes a new shim for the given instance</summary>
        </member>
        <member name="T:PromotionEngine.Fakes.ShimPromotions.AllInstances">
            <summary>Define shims for all instances members</summary>
        </member>
        <member name="P:PromotionEngine.Fakes.ShimPromotions.AllInstances.PromotionsListGet">
            <summary>Sets the shim of Promotions.get_PromotionsList()</summary>
        </member>
        <member name="P:PromotionEngine.Fakes.ShimPromotions.AllInstances.PromotionsListSetICollectionOfPromotion">
            <summary>Sets the shim of Promotions.set_PromotionsList(ICollection`1&lt;Promotion&gt; value)</summary>
        </member>
        <member name="M:PromotionEngine.Fakes.ShimPromotions.BehaveAsCurrent">
            <summary>Assigns the &apos;Current&apos; behavior for all methods of the shimmed type</summary>
        </member>
        <member name="M:PromotionEngine.Fakes.ShimPromotions.BehaveAsNotImplemented">
            <summary>Assigns the &apos;NotImplemented&apos; behavior for all methods of the shimmed type</summary>
        </member>
        <member name="P:PromotionEngine.Fakes.ShimPromotions.Behavior">
            <summary>Assigns the behavior for all methods of the shimmed type</summary>
        </member>
        <member name="P:PromotionEngine.Fakes.ShimPromotions.Constructor">
            <summary>Sets the shim of Promotions.Promotions()</summary>
        </member>
        <member name="P:PromotionEngine.Fakes.ShimPromotions.PromotionsListGet">
            <summary>Sets the shim of Promotions.get_PromotionsList()</summary>
        </member>
        <member name="P:PromotionEngine.Fakes.ShimPromotions.PromotionsListSetICollectionOfPromotion">
            <summary>Sets the shim of Promotions.set_PromotionsList(ICollection`1&lt;Promotion&gt; value)</summary>
        </member>
        <member name="T:PromotionEngine.Fakes.StubProduct">
            <summary>Stub type of PromotionEngine.Product</summary>
        </member>
        <member name="M:PromotionEngine.Fakes.StubProduct.#ctor">
            <summary>Initializes a new instance</summary>
        </member>
        <member name="P:PromotionEngine.Fakes.StubProduct.CallBase">
            <summary>Gets or sets a value that indicates if the base method should be called instead of the fallback behavior</summary>
        </member>
        <member name="M:PromotionEngine.Fakes.StubProduct.InitializeStub">
            <summary>Initializes a new instance of type StubProduct</summary>
        </member>
        <member name="P:PromotionEngine.Fakes.StubProduct.InstanceBehavior">
            <summary>Gets or sets the instance behavior.</summary>
        </member>
        <member name="P:PromotionEngine.Fakes.StubProduct.InstanceObserver">
            <summary>Gets or sets the instance observer.</summary>
        </member>
        <member name="T:PromotionEngine.Fakes.StubProducts">
            <summary>Stub type of PromotionEngine.Products</summary>
        </member>
        <member name="M:PromotionEngine.Fakes.StubProducts.#ctor">
            <summary>Initializes a new instance</summary>
        </member>
        <member name="P:PromotionEngine.Fakes.StubProducts.CallBase">
            <summary>Gets or sets a value that indicates if the base method should be called instead of the fallback behavior</summary>
        </member>
        <member name="M:PromotionEngine.Fakes.StubProducts.InitializeStub">
            <summary>Initializes a new instance of type StubProducts</summary>
        </member>
        <member name="P:PromotionEngine.Fakes.StubProducts.InstanceBehavior">
            <summary>Gets or sets the instance behavior.</summary>
        </member>
        <member name="P:PromotionEngine.Fakes.StubProducts.InstanceObserver">
            <summary>Gets or sets the instance observer.</summary>
        </member>
        <member name="T:PromotionEngine.Fakes.StubPromotion">
            <summary>Stub type of PromotionEngine.Promotion</summary>
        </member>
        <member name="M:PromotionEngine.Fakes.StubPromotion.#ctor">
            <summary>Initializes a new instance</summary>
        </member>
        <member name="P:PromotionEngine.Fakes.StubPromotion.CallBase">
            <summary>Gets or sets a value that indicates if the base method should be called instead of the fallback behavior</summary>
        </member>
        <member name="M:PromotionEngine.Fakes.StubPromotion.InitializeStub">
            <summary>Initializes a new instance of type StubPromotion</summary>
        </member>
        <member name="P:PromotionEngine.Fakes.StubPromotion.InstanceBehavior">
            <summary>Gets or sets the instance behavior.</summary>
        </member>
        <member name="P:PromotionEngine.Fakes.StubPromotion.InstanceObserver">
            <summary>Gets or sets the instance observer.</summary>
        </member>
        <member name="T:PromotionEngine.Fakes.StubPromotions">
            <summary>Stub type of PromotionEngine.Promotions</summary>
        </member>
        <member name="M:PromotionEngine.Fakes.StubPromotions.#ctor">
            <summary>Initializes a new instance</summary>
        </member>
        <member name="P:PromotionEngine.Fakes.StubPromotions.CallBase">
            <summary>Gets or sets a value that indicates if the base method should be called instead of the fallback behavior</summary>
        </member>
        <member name="M:PromotionEngine.Fakes.StubPromotions.InitializeStub">
            <summary>Initializes a new instance of type StubPromotions</summary>
        </member>
        <member name="P:PromotionEngine.Fakes.StubPromotions.InstanceBehavior">
            <summary>Gets or sets the instance behavior.</summary>
        </member>
        <member name="P:PromotionEngine.Fakes.StubPromotions.InstanceObserver">
            <summary>Gets or sets the instance observer.</summary>
        </member>
        <member name="T:PromotionEngine.Interfaces.Fakes.StubIDoumentProvider">
            <summary>Stub type of PromotionEngine.Interfaces.IDoumentProvider</summary>
        </member>
        <member name="M:PromotionEngine.Interfaces.Fakes.StubIDoumentProvider.#ctor">
            <summary>Initializes a new instance of type StubIDoumentProvider</summary>
        </member>
        <member name="F:PromotionEngine.Interfaces.Fakes.StubIDoumentProvider.DownloadFileAsyncString">
            <summary>Sets the stub of IDoumentProvider.DownloadFileAsync(String filepath)</summary>
        </member>
        <member name="F:PromotionEngine.Interfaces.Fakes.StubIDoumentProvider.JonsFileReaderString">
            <summary>Sets the stub of IDoumentProvider.JonsFileReader(String filePath)</summary>
        </member>
        <member name="F:PromotionEngine.Interfaces.Fakes.StubIDoumentProvider.JonsFileWriterStringString">
            <summary>Sets the stub of IDoumentProvider.JonsFileWriter(String filePath, String itemsData)</summary>
        </member>
        <member name="M:PromotionEngine.Interfaces.Fakes.StubIDoumentProvider.PromotionEngine#Interfaces#IDoumentProvider#DownloadFileAsync(System.String)">
            <summary>Sets the stub of IDoumentProvider.DownloadFileAsync(String filepath)</summary>
        </member>
        <member name="M:PromotionEngine.Interfaces.Fakes.StubIDoumentProvider.PromotionEngine#Interfaces#IDoumentProvider#JonsFileReader(System.String)">
            <summary>Sets the stub of IDoumentProvider.JonsFileReader(String filePath)</summary>
        </member>
        <member name="M:PromotionEngine.Interfaces.Fakes.StubIDoumentProvider.PromotionEngine#Interfaces#IDoumentProvider#JonsFileWriter(System.String,System.String)">
            <summary>Sets the stub of IDoumentProvider.JonsFileWriter(String filePath, String itemsData)</summary>
        </member>
        <member name="T:PromotionEngine.Interfaces.Fakes.StubIProducts">
            <summary>Stub type of PromotionEngine.Interfaces.IProducts</summary>
        </member>
        <member name="M:PromotionEngine.Interfaces.Fakes.StubIProducts.#ctor">
            <summary>Initializes a new instance of type StubIProducts</summary>
        </member>
        <member name="F:PromotionEngine.Interfaces.Fakes.StubIProducts.DeleteProductProduct">
            <summary>Sets the stub of IProducts.DeleteProduct(Product saveProductData)</summary>
        </member>
        <member name="F:PromotionEngine.Interfaces.Fakes.StubIProducts.GetProducts">
            <summary>Sets the stub of IProducts.GetProducts()</summary>
        </member>
        <member name="M:PromotionEngine.Interfaces.Fakes.StubIProducts.PromotionEngine#Interfaces#IProducts#DeleteProduct(PromotionEngine.Product)">
            <summary>Sets the stub of IProducts.DeleteProduct(Product saveProductData)</summary>
        </member>
        <member name="M:PromotionEngine.Interfaces.Fakes.StubIProducts.PromotionEngine#Interfaces#IProducts#GetProducts">
            <summary>Sets the stub of IProducts.GetProducts()</summary>
        </member>
        <member name="M:PromotionEngine.Interfaces.Fakes.StubIProducts.PromotionEngine#Interfaces#IProducts#SaveProduct(PromotionEngine.Product)">
            <summary>Sets the stub of IProducts.SaveProduct(Product saveProductData)</summary>
        </member>
        <member name="M:PromotionEngine.Interfaces.Fakes.StubIProducts.PromotionEngine#Interfaces#IProducts#SaveProducts(System.Collections.Generic.ICollection{PromotionEngine.Product})">
            <summary>Sets the stub of IProducts.SaveProducts(ICollection`1&lt;Product&gt; saveProductData)</summary>
        </member>
        <member name="M:PromotionEngine.Interfaces.Fakes.StubIProducts.PromotionEngine#Interfaces#IProducts#ValidateProductIds(System.String)">
            <summary>Sets the stub of IProducts.ValidateProductIds(String productId)</summary>
        </member>
        <member name="F:PromotionEngine.Interfaces.Fakes.StubIProducts.SaveProductProduct">
            <summary>Sets the stub of IProducts.SaveProduct(Product saveProductData)</summary>
        </member>
        <member name="F:PromotionEngine.Interfaces.Fakes.StubIProducts.SaveProductsICollectionOfProduct">
            <summary>Sets the stub of IProducts.SaveProducts(ICollection`1&lt;Product&gt; saveProductData)</summary>
        </member>
        <member name="F:PromotionEngine.Interfaces.Fakes.StubIProducts.ValidateProductIdsString">
            <summary>Sets the stub of IProducts.ValidateProductIds(String productId)</summary>
        </member>
        <member name="T:PromotionEngine.Interfaces.Fakes.StubIPromotionEngine">
            <summary>Stub type of PromotionEngine.Interfaces.IPromotionEngine</summary>
        </member>
        <member name="M:PromotionEngine.Interfaces.Fakes.StubIPromotionEngine.#ctor">
            <summary>Initializes a new instance of type StubIPromotionEngine</summary>
        </member>
        <member name="F:PromotionEngine.Interfaces.Fakes.StubIPromotionEngine.GetTotalPriceListOfOrderListOfPromotion">
            <summary>Sets the stub of IPromotionEngine.GetTotalPrice(List`1&lt;Order&gt; ordersData, List`1&lt;Promotion&gt; promotionsData)</summary>
        </member>
        <member name="M:PromotionEngine.Interfaces.Fakes.StubIPromotionEngine.PromotionEngine#Interfaces#IPromotionEngine#GetTotalPrice(System.Collections.Generic.List{PromotionEngine.Entities.Order},System.Collections.Generic.List{PromotionEngine.Promotion})">
            <summary>Sets the stub of IPromotionEngine.GetTotalPrice(List`1&lt;Order&gt; ordersData, List`1&lt;Promotion&gt; promotionsData)</summary>
        </member>
        <member name="T:PromotionEngine.Interfaces.Fakes.StubIPromotions">
            <summary>Stub type of PromotionEngine.Interfaces.IPromotions</summary>
        </member>
        <member name="M:PromotionEngine.Interfaces.Fakes.StubIPromotions.#ctor">
            <summary>Initializes a new instance of type StubIPromotions</summary>
        </member>
        <member name="F:PromotionEngine.Interfaces.Fakes.StubIPromotions.DeleteProductString">
            <summary>Sets the stub of IPromotions.DeleteProduct(String savePromotionId)</summary>
        </member>
        <member name="F:PromotionEngine.Interfaces.Fakes.StubIPromotions.GetPromotions">
            <summary>Sets the stub of IPromotions.GetPromotions()</summary>
        </member>
        <member name="M:PromotionEngine.Interfaces.Fakes.StubIPromotions.PromotionEngine#Interfaces#IPromotions#DeleteProduct(System.String)">
            <summary>Sets the stub of IPromotions.DeleteProduct(String savePromotionId)</summary>
        </member>
        <member name="M:PromotionEngine.Interfaces.Fakes.StubIPromotions.PromotionEngine#Interfaces#IPromotions#GetPromotions">
            <summary>Sets the stub of IPromotions.GetPromotions()</summary>
        </member>
        <member name="M:PromotionEngine.Interfaces.Fakes.StubIPromotions.PromotionEngine#Interfaces#IPromotions#SavePromotion(PromotionEngine.Promotion)">
            <summary>Sets the stub of IPromotions.SavePromotion(Promotion savePromotionData)</summary>
        </member>
        <member name="M:PromotionEngine.Interfaces.Fakes.StubIPromotions.PromotionEngine#Interfaces#IPromotions#SavePromotions(System.Collections.Generic.ICollection{PromotionEngine.Promotion})">
            <summary>Sets the stub of IPromotions.SavePromotions(ICollection`1&lt;Promotion&gt; savePromotionData)</summary>
        </member>
        <member name="M:PromotionEngine.Interfaces.Fakes.StubIPromotions.PromotionEngine#Interfaces#IPromotions#ValidatePromotionIds(System.String)">
            <summary>Sets the stub of IPromotions.ValidatePromotionIds(String promotionId)</summary>
        </member>
        <member name="F:PromotionEngine.Interfaces.Fakes.StubIPromotions.SavePromotionPromotion">
            <summary>Sets the stub of IPromotions.SavePromotion(Promotion savePromotionData)</summary>
        </member>
        <member name="F:PromotionEngine.Interfaces.Fakes.StubIPromotions.SavePromotionsICollectionOfPromotion">
            <summary>Sets the stub of IPromotions.SavePromotions(ICollection`1&lt;Promotion&gt; savePromotionData)</summary>
        </member>
        <member name="F:PromotionEngine.Interfaces.Fakes.StubIPromotions.ValidatePromotionIdsString">
            <summary>Sets the stub of IPromotions.ValidatePromotionIds(String promotionId)</summary>
        </member>
    </members>
</doc>
